{
  "total_power": {
    "min": 287.8202209472656,
    "max": 4390397.0,
    "mean": 79722.765625,
    "std": 286300.28125,
    "range": 4390109.0,
    "count": 3907
  },
  "above_mean_density": {
    "min": 0.2727272727272727,
    "max": 0.7272727272727273,
    "mean": 0.40256416222630703,
    "std": 0.06347297228331837,
    "range": 0.4545454545454546,
    "count": 3907
  },
  "mean_change": {
    "min": -10351.537109375,
    "max": 2119.893310546875,
    "mean": -60.309757232666016,
    "std": 480.64666748046875,
    "range": 12471.4306640625,
    "count": 3907
  },
  "mean_abs_change": {
    "min": 12.496431350708008,
    "max": 188750.796875,
    "mean": 3359.14208984375,
    "std": 12288.5283203125,
    "range": 188738.296875,
    "count": 3907
  },
  "spectral_centroid": {
    "min": 10.187623081953243,
    "max": 43.08492664602184,
    "mean": 20.002607872120485,
    "std": 6.4714139204808445,
    "range": 32.8973035640686,
    "count": 3907
  },
  "psd_25hz": {
    "min": 19.41452980041504,
    "max": 972705.0,
    "mean": 13167.59375,
    "std": 52809.23828125,
    "range": 972685.5625,
    "count": 3907
  },
  "psd_30hz": {
    "min": 7.439957618713379,
    "max": 675004.3125,
    "mean": 8063.71826171875,
    "std": 34497.3515625,
    "range": 674996.875,
    "count": 3907
  },
  "psd_35hz": {
    "min": 4.451157093048096,
    "max": 368939.6875,
    "mean": 4482.8544921875,
    "std": 19263.0234375,
    "range": 368935.25,
    "count": 3907
  },
  "psd_40hz": {
    "min": 2.352170705795288,
    "max": 177946.859375,
    "mean": 2686.78955078125,
    "std": 10113.4638671875,
    "range": 177944.5,
    "count": 3907
  },
  "psd_45hz": {
    "min": 1.0848408937454224,
    "max": 98191.1640625,
    "mean": 1948.443359375,
    "std": 5998.78173828125,
    "range": 98190.078125,
    "count": 3907
  }
}